{
    "rmse": 0.7229178492830957,
    "mae": 0.565926109778694,
    "r2": 0.3068600194806238
}